{"modelo": "Regresi\u00f3n Lineal", "R2": 0.047170217407066284, "MSE": 0.0007694147658161234, "RMSE": 0.027738326658544553, "MAE": 0.013488953060889783}